<?xml version="1.0" encoding="UTF-8"?>
<configuration>
	
	<!-- #Copied -->
	<property name="LOG_HOME" value="D:/cleartrip/" /> 

	

	<appender name="stdout" class="ch.qos.logback.core.ConsoleAppender">
		<encoder class="ch.qos.logback.classic.encoder.PatternLayoutEncoder">
			<Pattern>%d{HH:mm:ss.SSS} %-5level %logger{80} - %msg%n</Pattern>
		</encoder>
	</appender>

	<appender name="infologs"
		class="ch.qos.logback.core.rolling.RollingFileAppender">
		<file>${LOG_HOME}/logs/info.log</file>
		<rollingPolicy class="ch.qos.logback.core.rolling.TimeBasedRollingPolicy">
			<fileNamePattern>${LOG_HOME}/logs/info.%d{yyyy-MM-dd}.log
			</fileNamePattern>
			<maxHistory>30</maxHistory>
		</rollingPolicy>
		<encoder class="ch.qos.logback.classic.encoder.PatternLayoutEncoder">
			<Pattern>%d{HH:mm:ss.SSS} %-5level %logger{80} - %msg%n</Pattern>
		</encoder>
	</appender>
    
 <!--    <logger name="errorlogs" level="ERROR"
		additivity="false">
		<appender-ref ref="errorlogs" />
	</logger>   -->
	
   <root>
		<level value="INFO" />
		<appender-ref ref="stdout" />
		<appender-ref ref="infologs"/>
		<!--<appender-ref ref="errorlogs"/> -->
	</root>

</configuration>